Student_ID,Gender,Age,Attendance (%),Grade Average,Commute Distance (km),Family Income (INR/month),Parental Education,Extra Support,Internet Access,Dropped Out
STU0001,Male,13,56.2,9.6,18.3,50598,Primary,True,True,False
STU0002,Male,18,71.9,2.4,4.0,50540,Graduate,True,True,False
STU0003,Male,13,34.1,8.8,15.1,8140,Primary,True,True,False
STU0004,Female,14,79.6,1.2,24.3,31439,Secondary,True,True,False
STU0005,Male,18,88.3,2.9,4.6,29696,Secondary,True,True,False
STU0006,Female,13,42.8,3.7,13.2,8078,Secondary,False,False,True
STU0007,Female,19,60.2,3.6,15.3,4847,Graduate,True,False,True
STU0008,Female,13,39.8,3.6,9.2,38178,Primary,False,True,False
STU0009,Male,13,61.9,8.1,5.1,45336,Primary,False,False,False
STU0010,Male,19,66.0,6.3,1.3,8619,Secondary,False,True,False
STU0011,Female,14,72.5,2.5,1.7,26260,Secondary,False,True,False
STU0012,Male,17,96.4,9.7,20.2,43613,Primary,True,True,False
STU0013,Female,15,51.3,1.9,17.1,43943,Secondary,True,True,True
STU0014,Male,14,60.8,2.1,12.4,55857,None,False,True,False
STU0015,Male,14,32.4,9.2,6.5,39170,Graduate,False,True,False
STU0016,Female,16,76.4,3.8,13.0,59978,Postgraduate,False,True,False
STU0017,Male,14,68.3,2.7,24.2,50823,Secondary,False,True,False
STU0018,Female,17,84.3,9.5,22.4,28175,Secondary,True,True,False
STU0019,Male,19,71.9,9.3,2.3,5087,Graduate,True,True,False
STU0020,Female,17,43.7,1.4,8.2,6163,Secondary,False,True,True
STU0021,Male,18,57.2,3.4,20.7,49233,Primary,False,True,True
STU0022,Female,13,55.0,3.5,13.6,21234,Secondary,False,True,True
STU0023,Female,17,39.9,8.2,2.0,51935,Primary,True,False,False
STU0024,Female,19,99.1,8.0,5.0,43874,Secondary,True,True,False
STU0025,Male,17,30.4,8.3,17.7,53028,Postgraduate,True,True,False
STU0026,Female,13,81.0,7.9,1.9,9331,Postgraduate,False,True,False
STU0027,Male,17,55.1,2.0,21.6,7161,None,False,False,True
STU0028,Male,14,73.6,4.0,1.7,45237,Secondary,True,True,False
STU0029,Female,14,51.8,3.9,18.3,37343,Graduate,True,True,True
STU0030,Female,18,74.6,9.0,11.9,44590,Secondary,False,True,False
STU0031,Male,13,38.4,7.4,19.0,24156,None,True,True,False
STU0032,Male,13,69.3,7.9,12.4,48389,Secondary,True,True,False
STU0033,Male,19,66.6,4.8,0.7,23654,None,True,True,False
STU0034,Female,14,37.6,1.3,15.9,37339,Primary,False,True,True
STU0035,Female,19,52.0,5.6,22.7,28677,Primary,True,True,False
STU0036,Female,16,47.5,4.7,18.9,28941,Secondary,True,True,True
STU0037,Male,13,46.0,1.7,7.3,28386,Graduate,True,True,False
STU0038,Male,17,41.3,9.4,20.2,31400,Primary,True,True,False
STU0039,Male,19,74.3,8.8,20.1,6940,Secondary,True,True,False
STU0040,Male,13,43.1,9.0,13.5,51385,Graduate,True,True,False
STU0041,Female,14,86.5,9.1,8.0,58665,Secondary,True,True,False
STU0042,Male,16,37.7,3.1,10.7,19380,Postgraduate,False,True,True
STU0043,Female,14,87.3,8.7,0.3,14445,Primary,True,True,False
STU0044,Male,18,65.8,4.8,5.6,22552,None,False,True,False
STU0045,Male,13,38.4,4.0,23.6,35281,None,True,True,True
STU0046,Male,18,52.6,5.7,17.6,58480,Primary,True,False,True
STU0047,Male,17,55.5,9.7,24.1,40962,None,True,True,False
STU0048,Female,15,47.6,5.5,7.6,15386,Secondary,False,True,False
STU0049,Female,14,49.9,1.3,15.3,46019,Secondary,False,True,True
STU0050,Male,13,65.2,1.5,7.0,32034,Secondary,True,True,False
STU0051,Male,17,93.6,3.2,3.7,19380,Primary,False,False,False
STU0052,Male,15,64.3,9.9,6.1,20676,Primary,False,True,False
STU0053,Male,18,77.0,7.9,6.0,55549,Secondary,True,False,False
STU0054,Male,15,81.0,4.3,15.8,9564,Graduate,True,True,False
STU0055,Male,18,74.3,5.8,2.3,24471,Primary,False,True,False
STU0056,Female,19,88.5,3.9,4.7,5329,None,False,False,True
STU0057,Male,13,32.9,6.3,17.0,23859,Graduate,False,True,False
STU0058,Female,17,31.2,5.6,5.7,48246,Secondary,True,True,False
STU0059,Male,17,75.2,2.6,17.3,4361,Graduate,True,True,True
STU0060,Male,15,57.1,9.4,3.5,25897,Graduate,True,False,False
STU0061,Male,18,53.9,2.0,23.1,18353,Secondary,False,True,True
STU0062,Female,17,91.4,3.3,16.5,51117,Primary,True,False,True
STU0063,Male,16,87.2,6.0,13.3,3624,Primary,False,True,False
STU0064,Female,19,46.9,1.8,22.4,45903,Graduate,True,True,True
STU0065,Male,16,93.0,6.7,8.5,59158,None,False,True,False
STU0066,Female,15,54.4,7.5,22.4,22000,Graduate,True,True,False
STU0067,Male,16,92.1,8.0,16.1,23512,Primary,True,False,False
STU0068,Female,15,35.9,2.5,22.5,44040,Secondary,False,False,True
STU0069,Male,15,72.5,1.1,2.6,13702,Secondary,False,True,False
STU0070,Female,15,76.4,1.0,4.1,49745,Graduate,False,True,False
STU0071,Male,16,68.4,7.2,16.3,39787,Primary,True,True,False
STU0072,Male,17,45.7,7.4,6.0,54855,Secondary,True,True,False
STU0073,Male,18,52.8,7.7,16.3,23639,Secondary,True,True,False
STU0074,Female,17,89.4,6.9,14.3,22269,Secondary,False,True,False
STU0075,Female,17,36.6,4.3,6.7,10341,Primary,False,True,False
STU0076,Male,17,47.1,9.8,9.9,39296,Secondary,True,True,False
STU0077,Male,16,92.4,6.7,19.9,53495,Secondary,False,True,False
STU0078,Female,18,65.2,6.2,12.4,16005,Secondary,True,True,False
STU0079,Female,17,43.7,7.5,7.1,45506,Secondary,False,True,False
STU0080,Male,18,31.7,6.8,4.5,22343,Primary,True,True,False
STU0081,Male,14,95.8,9.6,22.9,33138,Secondary,True,True,False
STU0082,Male,18,55.9,1.1,23.2,47636,Secondary,False,True,True
STU0083,Male,19,60.0,9.7,24.1,58389,Graduate,True,True,False
STU0084,Male,14,89.7,3.7,9.7,54698,Postgraduate,False,True,False
STU0085,Male,19,89.6,3.9,4.3,9953,Secondary,False,True,False
STU0086,Female,19,69.0,9.4,17.4,31004,Secondary,False,False,False
STU0087,Female,14,69.9,1.9,15.4,50736,Graduate,False,True,False
STU0088,Male,19,99.3,2.3,13.0,43789,Primary,False,True,False
STU0089,Female,16,91.4,7.7,17.5,7077,Graduate,True,True,False
STU0090,Female,17,79.2,4.2,7.4,7280,Primary,True,True,False
STU0091,Male,18,86.7,8.3,21.7,16021,None,False,True,False
STU0092,Female,16,93.9,5.6,12.6,6080,Primary,False,True,False
STU0093,Male,19,85.9,6.8,17.6,59714,Graduate,False,True,False
STU0094,Female,15,85.7,9.0,8.5,51379,Secondary,False,True,False
STU0095,Male,16,56.3,1.8,14.5,16380,Primary,False,True,True
STU0096,Female,18,32.5,5.2,13.6,46508,Graduate,True,False,True
STU0097,Male,17,50.1,6.3,0.9,37004,None,False,True,False
STU0098,Male,13,32.6,8.4,9.1,44123,Secondary,False,True,False
STU0099,Female,16,38.9,5.7,19.3,23453,Primary,False,True,False
STU0100,Female,15,45.1,6.6,2.2,51283,Postgraduate,False,True,False
STU0101,Male,16,33.6,5.8,13.6,3270,Graduate,True,False,True
STU0102,Female,14,74.6,7.5,24.4,44607,None,True,True,False
STU0103,Male,14,66.1,3.9,19.9,56999,None,True,True,False
STU0104,Female,18,49.0,5.0,2.1,9496,Secondary,True,True,False
STU0105,Female,19,31.8,9.7,20.9,26175,Primary,True,True,False
STU0106,Male,15,78.7,4.7,4.4,9084,Secondary,False,True,False
STU0107,Female,16,41.0,3.3,13.8,48859,Primary,True,True,True
STU0108,Female,19,80.0,6.9,7.1,46843,Secondary,True,True,False
STU0109,Male,15,96.8,7.6,13.9,36913,Secondary,False,True,False
STU0110,Female,13,72.8,4.8,6.3,57677,Secondary,False,True,False
STU0111,Female,18,54.9,7.8,0.5,56310,Secondary,True,True,False
STU0112,Female,17,38.1,1.4,1.1,54966,Postgraduate,False,True,False
STU0113,Female,15,89.9,7.3,11.9,57817,Primary,True,True,False
STU0114,Female,14,36.8,5.4,11.9,51183,Secondary,False,True,False
STU0115,Female,19,42.1,4.9,10.0,23300,Primary,True,True,False
STU0116,Female,15,73.1,6.7,1.2,20327,Graduate,False,True,False
STU0117,Male,13,56.2,6.6,12.6,17817,Graduate,False,True,False
STU0118,Male,18,90.0,6.9,4.2,33201,Secondary,False,True,False
STU0119,Male,13,34.9,6.8,0.8,21283,Primary,True,True,False
STU0120,Female,16,71.0,9.5,14.4,38272,Secondary,False,False,False
STU0121,Female,15,57.2,6.8,11.5,48062,Secondary,False,True,False
STU0122,Male,18,68.2,9.5,9.7,14621,Secondary,True,True,False
STU0123,Female,15,97.3,9.1,5.0,49486,Secondary,False,False,False
STU0124,Male,15,34.9,1.9,0.6,16908,Secondary,False,True,False
STU0125,Male,15,36.6,7.1,1.9,4982,Postgraduate,False,True,False
STU0126,Male,18,52.3,8.6,0.7,58915,Graduate,True,False,False
STU0127,Female,16,87.0,3.5,3.0,33373,Secondary,True,False,False
STU0128,Female,19,78.8,6.7,21.9,33308,Primary,True,True,False
STU0129,Male,17,81.5,8.2,7.1,43251,Secondary,True,True,False
STU0130,Female,13,42.4,7.8,20.2,18265,Primary,False,True,False
STU0131,Male,19,99.3,4.7,9.4,36247,Secondary,False,True,False
STU0132,Female,15,84.3,4.1,23.3,39265,Secondary,True,False,True
STU0133,Male,18,90.1,4.9,18.8,15829,Primary,True,True,False
STU0134,Male,17,82.8,1.9,22.6,6919,Primary,False,True,True
STU0135,Female,15,65.4,8.4,8.1,4139,Primary,False,True,False
STU0136,Female,13,92.7,4.5,0.4,47048,Primary,False,True,False
STU0137,Male,16,93.4,1.8,8.1,9521,Secondary,True,False,False
STU0138,Male,13,96.5,9.6,14.4,5908,Primary,False,True,False
STU0139,Female,16,74.2,5.0,7.4,10149,Secondary,False,True,False
STU0140,Female,17,53.0,7.1,18.8,37388,Secondary,True,True,False
STU0141,Female,18,85.4,8.1,2.4,23123,Secondary,True,True,False
STU0142,Male,19,64.6,1.5,13.8,46058,Graduate,True,True,False
STU0143,Male,16,60.9,9.0,8.8,36010,Secondary,False,True,False
STU0144,Female,18,38.2,2.3,19.1,55362,Secondary,True,True,True
STU0145,Female,15,73.3,1.9,2.2,23040,Secondary,True,True,False
STU0146,Female,15,79.1,1.7,20.6,45423,Postgraduate,True,True,False
STU0147,Female,15,79.4,1.7,2.2,23186,Primary,False,False,False
STU0148,Male,18,99.1,4.4,9.3,58974,Secondary,False,True,False
STU0149,Female,17,86.9,9.5,24.7,51574,Secondary,False,True,False
STU0150,Male,15,82.7,4.4,2.2,37993,Primary,False,True,False
STU0151,Female,13,84.4,6.0,10.7,3891,Postgraduate,True,True,False
STU0152,Female,17,93.4,2.0,12.4,2896,Secondary,True,True,True
STU0153,Male,16,30.8,5.2,1.5,9698,Secondary,True,True,False
STU0154,Female,17,38.3,2.1,16.3,48229,Primary,False,False,True
STU0155,Male,16,82.2,6.3,24.1,38127,Primary,True,False,False
STU0156,Male,19,56.2,3.6,21.7,6575,Primary,False,True,True
STU0157,Female,19,45.7,9.7,0.4,2168,Primary,False,False,True
STU0158,Female,19,97.9,1.4,22.3,11738,Secondary,False,True,False
STU0159,Female,16,66.9,9.9,1.9,23088,Graduate,True,True,False
STU0160,Male,19,68.8,9.7,13.1,52826,Secondary,False,True,False
STU0161,Female,16,74.1,7.3,11.4,45495,Graduate,True,True,False
STU0162,Male,14,73.9,6.3,22.5,34918,Postgraduate,False,False,False
STU0163,Female,13,33.2,3.5,23.8,36468,Postgraduate,True,True,True
STU0164,Female,19,92.3,5.1,15.5,44911,Postgraduate,True,True,False
STU0165,Female,15,49.4,2.7,11.6,42845,Secondary,True,False,True
STU0166,Female,15,54.7,6.3,2.0,43077,Graduate,False,False,False
STU0167,Male,17,98.2,9.9,17.5,6484,Primary,False,False,True
STU0168,Male,16,67.5,3.8,20.4,8451,Graduate,True,True,False
STU0169,Female,13,77.9,2.5,22.8,5014,Secondary,True,True,True
STU0170,Female,16,87.6,9.5,18.2,11540,Primary,False,True,False
STU0171,Male,14,72.9,4.8,23.3,13473,None,False,True,False
STU0172,Male,16,90.6,1.4,0.8,40217,Primary,False,True,False
STU0173,Female,15,56.4,8.3,24.7,45702,None,False,False,True
STU0174,Male,13,40.5,6.3,9.6,30949,Postgraduate,False,True,False
STU0175,Female,18,97.9,8.6,21.0,18390,Secondary,False,True,False
STU0176,Female,19,62.8,4.7,6.9,33667,Primary,False,True,False
STU0177,Female,18,33.9,8.8,20.3,21348,None,False,True,False
STU0178,Male,17,100.0,10.0,13.9,50835,Secondary,False,True,False
STU0179,Male,17,83.8,9.5,21.3,54555,Secondary,True,True,False
STU0180,Male,18,47.3,5.1,3.3,8367,Postgraduate,True,True,False
STU0181,Female,13,96.8,6.5,5.8,39982,Secondary,True,True,False
STU0182,Female,15,77.0,6.6,9.0,50986,Secondary,True,True,False
STU0183,Female,17,37.9,7.0,13.1,34885,Postgraduate,True,True,False
STU0184,Female,19,84.1,5.7,21.3,21342,Graduate,False,False,False
STU0185,Female,13,68.6,6.0,21.9,11224,Graduate,True,False,False
STU0186,Female,19,58.2,2.2,0.8,54729,Secondary,True,True,False
STU0187,Male,15,82.9,6.6,17.6,37164,Primary,False,True,False
STU0188,Female,17,44.9,2.2,0.5,26970,Graduate,False,True,False
STU0189,Male,16,54.5,6.3,9.9,3640,Secondary,False,False,True
STU0190,Male,18,60.6,9.1,8.8,6142,Secondary,False,False,False
STU0191,Female,18,66.0,8.1,10.0,28758,Primary,True,False,False
STU0192,Female,16,73.5,8.8,23.7,9610,None,True,True,False
STU0193,Female,18,40.3,9.3,12.4,50702,Secondary,False,True,False
STU0194,Male,16,48.1,5.1,24.5,44920,None,False,True,False
STU0195,Female,13,64.5,4.0,15.9,47238,Secondary,False,True,False
STU0196,Male,19,46.8,1.7,3.3,25768,None,False,True,False
STU0197,Female,13,39.0,2.4,3.6,28092,Primary,True,False,True
STU0198,Female,13,74.9,2.6,8.7,45435,Primary,True,True,False
STU0199,Female,14,92.8,5.3,16.7,10252,Graduate,True,True,False
STU0200,Male,17,42.1,2.7,1.1,16152,Graduate,True,True,False
STU0201,Male,19,41.8,3.5,4.5,41058,None,True,False,True
STU0202,Female,19,36.2,2.1,11.6,13435,Primary,True,True,True
STU0203,Female,19,44.4,4.3,12.6,53670,Primary,False,True,True
STU0204,Female,13,78.3,1.4,20.0,10307,Graduate,True,True,False
STU0205,Female,16,74.0,1.7,21.9,52988,Secondary,True,True,False
STU0206,Male,17,94.5,1.5,7.0,4841,Graduate,False,True,False
STU0207,Male,13,86.4,7.7,4.7,33390,Graduate,False,True,False
STU0208,Female,18,44.7,4.3,12.2,31069,None,True,True,True
STU0209,Male,13,73.3,4.3,11.6,10270,Primary,False,True,False
STU0210,Female,16,82.3,1.3,6.4,35131,Secondary,True,True,False
STU0211,Male,19,79.9,9.1,12.8,44907,Secondary,True,True,False
STU0212,Male,16,67.2,2.0,11.2,24212,Graduate,False,True,False
STU0213,Male,15,67.3,3.2,6.8,29968,Secondary,False,True,False
STU0214,Male,18,56.4,1.2,8.1,33081,None,True,True,False
STU0215,Male,18,44.8,3.9,3.1,50417,Secondary,True,True,False
STU0216,Female,18,92.3,6.3,17.0,10010,Secondary,False,False,False
STU0217,Male,15,85.2,5.5,2.3,41348,Secondary,True,True,False
STU0218,Male,14,67.6,6.3,18.7,45039,Secondary,True,True,False
STU0219,Female,13,60.2,2.1,7.2,51978,Primary,True,False,False
STU0220,Male,17,55.4,6.8,14.3,45111,Graduate,False,True,False
STU0221,Female,18,54.9,9.9,15.2,51965,Secondary,False,True,False
STU0222,Male,19,46.6,1.9,3.9,11388,Secondary,False,True,False
STU0223,Male,13,47.2,2.4,4.7,50897,Secondary,False,True,False
STU0224,Female,14,50.0,2.6,22.4,26251,Secondary,False,True,True
STU0225,Male,13,35.6,5.7,10.3,12196,Primary,True,True,False
STU0226,Female,16,98.8,2.0,10.0,45380,Secondary,False,True,False
STU0227,Male,19,97.9,8.8,20.4,35577,Primary,False,True,False
STU0228,Female,17,48.1,2.5,16.7,45721,Secondary,True,True,True
STU0229,Male,13,95.1,6.0,14.3,15397,Secondary,True,True,False
STU0230,Female,15,49.6,7.9,4.8,23503,Primary,False,True,False
STU0231,Male,14,52.7,4.8,12.7,26917,Secondary,True,True,True
STU0232,Female,13,47.0,2.0,15.3,28022,Graduate,True,True,True
STU0233,Female,13,50.2,6.2,3.9,58499,Secondary,False,True,False
STU0234,Female,15,63.7,5.8,1.4,9548,Secondary,False,True,False
STU0235,Female,19,53.6,2.2,1.7,47194,Postgraduate,True,True,False
STU0236,Male,14,99.3,3.9,20.3,30552,Secondary,True,True,False
STU0237,Female,18,47.8,7.1,19.0,24250,Primary,True,True,False
STU0238,Male,17,71.7,5.2,10.4,35420,Primary,False,True,False
STU0239,Male,14,54.4,9.4,20.8,8737,Primary,True,True,False
STU0240,Male,19,97.6,2.1,18.3,51751,Secondary,True,False,True
STU0241,Female,16,95.7,2.6,1.8,51443,Secondary,False,True,False
STU0242,Female,19,81.9,6.2,21.1,43105,Secondary,False,True,False
STU0243,Female,18,39.8,8.2,5.1,21845,Graduate,True,True,False
STU0244,Male,15,41.5,2.5,20.4,32260,Secondary,True,True,True
STU0245,Female,13,76.6,5.7,9.0,44248,Graduate,True,True,False
STU0246,Female,16,91.4,4.5,20.4,40032,Secondary,True,True,False
STU0247,Male,15,60.7,4.4,11.6,41649,Secondary,True,False,True
STU0248,Female,13,51.1,7.7,12.6,55147,Graduate,False,False,True
STU0249,Male,17,46.3,9.1,9.7,44344,Primary,True,True,False
STU0250,Female,17,68.0,9.2,15.6,36258,Secondary,False,True,False
STU0251,Female,16,38.2,9.5,15.7,28789,Graduate,True,True,False
STU0252,Female,13,53.4,2.3,19.9,23606,None,False,True,True
STU0253,Male,15,73.4,5.8,22.4,7341,Secondary,True,False,True
STU0254,Female,18,85.2,2.4,7.9,47775,Secondary,True,True,False
STU0255,Male,15,47.4,7.7,0.9,38629,Secondary,False,False,False
STU0256,Male,18,69.9,7.9,21.9,45939,Secondary,False,True,False
STU0257,Female,14,53.9,8.4,2.9,16037,Secondary,False,True,False
STU0258,Male,14,89.3,2.1,10.0,7057,Primary,True,True,False
STU0259,Male,18,85.8,2.3,5.8,24070,Graduate,True,True,False
STU0260,Male,14,80.6,7.5,16.1,13851,Graduate,True,True,False
STU0261,Male,16,78.6,5.9,6.4,25874,Secondary,True,False,False
STU0262,Female,19,54.2,2.6,22.7,51056,Graduate,True,True,True
STU0263,Female,19,70.8,4.6,11.6,53404,Secondary,True,True,False
STU0264,Female,16,96.3,2.4,14.7,52425,Primary,False,True,False
STU0265,Female,14,65.4,6.5,0.6,55535,Primary,True,False,False
STU0266,Male,18,91.0,9.4,14.2,33495,Graduate,True,True,False
STU0267,Male,15,78.8,9.3,17.7,7496,Graduate,False,True,False
STU0268,Male,19,40.7,6.2,15.2,30670,None,True,False,True
STU0269,Female,13,59.7,7.6,23.4,29190,None,False,True,False
STU0270,Male,15,94.8,5.1,2.9,16715,None,True,False,False
STU0271,Female,19,98.9,8.6,3.2,11571,Primary,False,False,False
STU0272,Female,18,94.5,8.8,13.0,56467,Primary,False,True,False
STU0273,Male,13,71.4,4.6,1.5,3245,Primary,True,True,False
STU0274,Female,13,53.5,8.2,0.2,52867,Primary,False,True,False
STU0275,Male,16,53.3,4.6,13.5,43874,Graduate,False,True,True
STU0276,Female,17,94.4,4.1,8.7,37130,None,True,True,False
STU0277,Female,16,81.6,5.1,5.7,2102,Secondary,True,True,False
STU0278,Male,18,61.7,2.3,4.5,45792,None,False,True,False
STU0279,Male,16,64.9,4.8,22.9,59234,Secondary,False,False,True
STU0280,Female,18,55.4,6.2,15.8,3064,Secondary,True,True,True
STU0281,Male,19,30.9,7.0,4.5,40135,Graduate,False,True,False
STU0282,Female,17,97.3,2.3,10.4,24187,Graduate,True,False,True
STU0283,Female,18,36.0,10.0,12.6,33361,Secondary,True,True,False
STU0284,Female,13,71.7,1.6,18.8,21231,Primary,True,False,True
STU0285,Female,15,44.7,9.1,5.2,35776,Secondary,False,True,False
STU0286,Male,15,43.3,1.3,11.9,25394,Graduate,True,False,True
STU0287,Female,15,69.5,1.6,19.4,10157,Graduate,False,False,True
STU0288,Female,16,61.7,5.7,11.1,24219,Postgraduate,False,True,False
STU0289,Female,19,58.1,6.0,4.0,36031,Primary,True,True,False
STU0290,Male,16,42.7,8.8,23.7,41482,Postgraduate,True,True,False
STU0291,Female,13,56.1,3.4,16.1,7247,Secondary,False,True,True
STU0292,Female,14,58.6,1.2,4.0,47204,Secondary,False,True,False
STU0293,Female,17,80.1,6.9,0.8,30504,Primary,True,True,False
STU0294,Female,15,45.5,3.1,16.8,35625,Graduate,True,False,True
STU0295,Male,19,31.4,1.9,20.0,41817,Secondary,False,True,True
STU0296,Male,14,42.5,6.9,6.0,53020,Secondary,False,True,False
STU0297,Male,17,37.0,3.2,18.1,12055,Secondary,False,True,True
STU0298,Male,17,89.9,8.5,10.0,11023,Secondary,False,True,False
STU0299,Female,14,76.8,2.8,7.4,9434,None,True,True,False
STU0300,Female,17,92.7,1.1,2.2,9717,Primary,False,True,False
STU0301,Male,17,44.6,1.2,4.6,20715,Secondary,False,True,False
STU0302,Male,19,70.8,4.8,22.3,6853,Secondary,False,False,True
STU0303,Female,18,87.2,4.1,6.6,24768,Graduate,False,False,False
STU0304,Male,18,56.6,6.3,6.8,48501,Postgraduate,True,True,False
STU0305,Male,13,73.7,4.7,13.8,15171,Graduate,True,True,False
STU0306,Male,15,60.5,3.7,23.7,38308,Secondary,False,False,True
STU0307,Male,17,83.5,2.3,21.7,59949,None,False,True,False
STU0308,Female,17,64.1,9.1,20.0,28921,Graduate,True,True,False
STU0309,Female,18,59.8,1.2,6.8,6860,Secondary,False,True,True
STU0310,Male,19,67.9,6.7,6.5,10456,Secondary,True,False,False
STU0311,Male,15,39.8,8.5,24.6,12790,Primary,True,True,False
STU0312,Female,19,66.8,2.5,6.9,7168,Primary,False,True,False
STU0313,Female,17,31.3,9.2,3.0,36962,None,True,True,False
STU0314,Male,14,70.4,3.5,13.9,45170,Secondary,False,False,True
STU0315,Male,19,75.6,8.5,5.2,58608,None,True,False,False
STU0316,Female,18,30.8,2.2,22.5,15815,Graduate,False,True,True
STU0317,Male,16,91.2,6.4,15.1,43101,Secondary,False,True,False
STU0318,Female,15,76.6,2.6,22.9,31723,None,True,True,False
STU0319,Female,16,59.3,4.4,13.0,32437,Primary,True,True,True
STU0320,Female,18,33.3,2.5,18.5,58411,Secondary,False,True,True
STU0321,Female,17,35.8,6.4,6.2,38808,Primary,True,True,False
STU0322,Female,16,57.3,3.6,9.0,18247,Primary,True,True,False
STU0323,Female,19,80.3,3.7,14.2,42329,Secondary,True,False,True
STU0324,Female,14,63.3,7.0,23.4,52011,Primary,False,True,False
STU0325,Female,16,81.3,2.9,0.9,3518,None,False,True,False
STU0326,Male,14,48.4,6.4,1.4,40230,Secondary,True,True,False
STU0327,Female,15,64.7,6.4,8.4,37172,None,True,True,False
STU0328,Female,18,84.0,2.0,2.0,25971,Graduate,False,True,False
STU0329,Male,17,81.0,5.5,17.2,38819,Primary,False,True,False
STU0330,Female,19,60.4,3.2,20.5,38035,Primary,True,True,False
STU0331,Male,16,86.0,7.3,6.9,26457,Graduate,False,True,False
STU0332,Female,19,71.3,4.2,2.4,11454,Primary,False,True,False
STU0333,Male,13,94.2,2.2,23.8,10980,Graduate,False,True,False
STU0334,Male,17,61.2,2.7,13.6,35784,Primary,False,True,False
STU0335,Female,17,91.1,7.6,20.2,24044,Secondary,False,True,False
STU0336,Female,16,76.1,7.2,21.2,55460,None,False,True,False
STU0337,Female,17,47.5,5.4,5.6,22163,Graduate,True,True,False
STU0338,Female,18,99.1,9.5,1.1,53308,Postgraduate,True,True,False
STU0339,Female,14,79.4,9.3,4.6,36356,Secondary,False,True,False
STU0340,Male,13,69.8,9.2,0.9,39523,Postgraduate,True,True,False
STU0341,Female,15,78.8,3.7,23.1,29445,Primary,True,True,False
STU0342,Female,19,98.0,9.5,11.9,57599,Graduate,True,True,False
STU0343,Male,17,90.3,8.6,8.0,23302,Postgraduate,False,True,False
STU0344,Female,14,88.0,1.3,14.9,32124,Postgraduate,False,True,False
STU0345,Female,17,46.1,2.1,2.0,33731,Primary,True,True,False
STU0346,Female,14,78.7,4.1,18.1,21504,Graduate,True,True,False
STU0347,Female,15,34.6,3.8,13.5,33444,Secondary,False,True,True
STU0348,Female,16,85.4,3.9,15.7,55633,Secondary,True,True,False
STU0349,Female,18,92.0,6.5,5.9,7179,Secondary,False,True,False
STU0350,Female,14,31.7,8.8,0.6,15242,Graduate,False,False,False
STU0351,Female,14,91.2,5.8,23.5,9158,Secondary,True,True,False
STU0352,Male,18,85.9,10.0,8.8,17259,None,False,True,False
STU0353,Female,13,83.7,4.6,12.0,46642,Graduate,True,False,True
STU0354,Male,16,73.9,8.9,24.6,44787,Postgraduate,False,True,False
STU0355,Male,19,83.8,4.8,10.6,20824,Secondary,True,False,True
STU0356,Male,18,81.6,3.1,2.9,39626,Primary,True,False,False
STU0357,Male,16,54.8,3.6,7.5,59818,Graduate,True,False,True
STU0358,Female,19,46.4,1.4,0.5,34465,Primary,False,False,True
STU0359,Male,15,99.1,4.8,9.7,39221,Secondary,False,True,False
STU0360,Female,14,77.6,3.0,23.8,57775,Secondary,False,True,False
STU0361,Male,15,85.0,1.8,10.5,12649,Graduate,False,True,False
STU0362,Male,18,91.5,9.5,11.7,24092,Graduate,True,True,False
STU0363,Female,19,72.9,2.5,24.8,30029,Secondary,True,True,False
STU0364,Male,14,46.2,9.5,16.3,11215,Secondary,True,True,False
STU0365,Female,14,72.5,5.6,5.8,31277,Graduate,False,True,False
STU0366,Male,15,42.4,3.0,4.7,44839,Secondary,True,True,False
STU0367,Male,16,84.6,4.2,1.5,22106,Primary,False,True,False
STU0368,Female,15,97.8,9.0,23.2,42280,Primary,True,True,False
STU0369,Female,18,99.6,2.6,10.0,41697,Secondary,False,True,False
STU0370,Male,19,83.1,7.3,3.9,18217,Secondary,True,True,False
STU0371,Female,13,87.1,3.0,5.7,38973,Primary,True,True,False
STU0372,Male,14,67.6,6.3,14.5,23503,Graduate,False,True,False
STU0373,Male,18,36.4,8.9,6.7,40217,Secondary,False,False,False
STU0374,Female,14,39.1,9.0,23.9,35636,Secondary,True,True,False
STU0375,Female,18,90.3,8.3,16.4,3426,Secondary,True,True,False
STU0376,Male,13,68.6,1.8,10.3,29767,Secondary,True,True,False
STU0377,Male,13,56.1,3.3,18.1,32937,None,False,True,True
STU0378,Male,19,64.7,1.7,5.6,44042,Postgraduate,False,True,False
STU0379,Female,16,77.8,1.7,21.3,58991,Postgraduate,False,True,False
STU0380,Male,18,64.7,5.3,14.9,58379,Secondary,True,False,False
STU0381,Female,17,87.7,4.1,17.0,10345,Graduate,True,False,True
STU0382,Male,15,69.6,3.4,22.0,32343,Secondary,False,True,False
STU0383,Male,14,85.8,6.9,21.3,32187,Secondary,False,True,False
STU0384,Male,13,90.7,7.4,20.9,55049,Secondary,True,True,False
STU0385,Male,13,78.8,7.1,15.5,40924,None,True,True,False
STU0386,Male,16,82.7,2.4,22.0,30767,Primary,True,True,False
STU0387,Male,14,91.0,1.3,20.7,35023,Postgraduate,True,False,True
STU0388,Female,17,39.0,4.0,18.6,41185,Graduate,False,True,True
STU0389,Male,18,41.3,8.4,20.8,36160,Primary,False,True,False
STU0390,Male,18,65.5,1.1,7.2,46482,Secondary,False,True,False
STU0391,Female,18,73.2,9.8,15.8,45997,Secondary,False,True,False
STU0392,Female,14,48.2,6.7,13.5,21653,Secondary,False,True,False
STU0393,Male,15,84.6,2.0,19.0,58199,Graduate,False,False,True
STU0394,Female,16,67.9,9.7,8.6,38522,Secondary,False,True,False
STU0395,Male,15,74.3,9.4,2.7,44382,None,False,False,False
STU0396,Male,17,95.6,7.2,1.8,49486,Graduate,True,True,False
STU0397,Male,19,51.1,7.4,1.8,6769,Primary,True,True,False
STU0398,Female,15,70.8,4.1,15.6,3004,Primary,True,False,True
STU0399,Male,18,33.2,8.8,24.3,51435,Secondary,True,True,False
STU0400,Male,16,97.8,7.7,3.3,17684,Secondary,False,True,False
STU0401,Female,15,83.1,1.2,0.7,19141,Secondary,False,True,False
STU0402,Female,19,52.7,5.4,19.3,57032,Secondary,True,True,False
STU0403,Female,13,77.8,5.0,6.9,38865,Graduate,True,True,False
STU0404,Female,15,99.8,4.8,11.3,11988,Primary,True,True,False
STU0405,Male,16,41.5,8.2,17.4,38086,Secondary,False,True,False
STU0406,Female,18,45.5,1.7,17.0,44054,Graduate,False,True,True
STU0407,Female,14,75.8,3.5,23.8,11172,Graduate,False,True,False
STU0408,Male,17,40.6,4.9,23.6,4216,Graduate,True,False,True
STU0409,Male,19,59.4,6.7,10.0,2418,Secondary,True,True,False
STU0410,Male,13,49.2,9.9,10.3,16334,Secondary,False,True,False
STU0411,Female,18,92.6,3.1,5.4,33972,None,False,True,False
STU0412,Female,17,32.2,6.9,9.3,20788,None,False,False,False
STU0413,Male,13,90.5,5.3,24.2,8312,Secondary,True,True,False
STU0414,Female,19,43.0,8.8,19.4,25228,Primary,False,True,False
STU0415,Female,16,84.0,8.6,19.0,39027,Primary,True,True,False
STU0416,Male,18,73.8,2.2,0.9,58244,Secondary,True,True,False
STU0417,Female,16,94.5,6.5,19.9,38221,Secondary,True,True,False
STU0418,Male,16,63.7,2.1,3.2,57399,Secondary,False,True,False
STU0419,Male,17,78.0,4.9,5.1,4788,Primary,False,True,False
STU0420,Male,18,64.4,1.6,14.6,20374,Graduate,True,True,False
STU0421,Female,13,48.8,8.2,7.8,15576,Secondary,False,False,False
STU0422,Female,14,61.9,1.1,1.9,38959,Primary,False,True,False
STU0423,Female,16,57.5,5.3,15.0,51519,Graduate,True,True,False
STU0424,Female,13,50.4,7.3,21.5,8401,Secondary,True,True,False
STU0425,Female,19,84.6,1.4,12.1,23389,None,False,True,False
STU0426,Female,16,37.3,3.2,24.7,16951,Secondary,False,True,True
STU0427,Female,13,40.0,5.5,15.5,52604,Secondary,True,True,False
STU0428,Male,15,79.2,6.0,0.3,12107,Secondary,True,True,False
STU0429,Female,15,52.9,5.7,2.3,8982,None,False,True,False
STU0430,Female,13,54.5,1.3,2.1,10683,None,False,True,False
STU0431,Female,13,57.8,2.2,14.2,3721,None,True,True,True
STU0432,Female,19,78.3,8.2,5.1,27246,None,False,True,False
STU0433,Male,18,41.7,1.9,15.9,38669,Postgraduate,True,True,True
STU0434,Male,18,79.5,1.3,23.4,26951,Primary,False,True,False
STU0435,Female,14,33.6,5.9,17.8,6146,Primary,False,True,True
STU0436,Female,19,91.0,7.4,20.1,7041,Secondary,True,True,False
STU0437,Female,17,53.8,8.3,2.1,42414,Primary,True,True,False
STU0438,Male,16,92.6,5.9,20.5,23772,Graduate,False,False,False
STU0439,Female,16,61.7,6.8,13.2,23937,Secondary,True,True,False
STU0440,Male,16,81.2,1.7,1.6,22590,Primary,False,False,False
STU0441,Female,18,47.3,2.4,21.8,47544,Secondary,True,True,True
STU0442,Female,19,45.3,9.8,8.5,53502,Secondary,True,False,False
STU0443,Male,17,42.7,8.1,16.5,37758,Primary,True,False,True
STU0444,Female,18,64.9,6.0,18.0,15739,Secondary,False,False,False
STU0445,Male,19,46.0,10.0,24.4,57560,Graduate,False,True,False
STU0446,Male,18,75.5,2.8,17.0,21846,Primary,True,True,False
STU0447,Female,13,35.1,1.3,6.5,31430,Postgraduate,False,True,False
STU0448,Female,17,62.4,8.8,18.2,4409,Graduate,False,True,False
STU0449,Male,13,82.0,4.8,8.7,52394,Primary,False,True,False
STU0450,Male,17,56.0,9.9,1.1,44272,Secondary,False,False,False
STU0451,Female,19,90.7,6.2,11.0,30210,Primary,True,True,False
STU0452,Male,16,80.8,5.4,21.8,26518,Secondary,True,True,False
STU0453,Male,16,93.0,4.8,7.0,8851,Primary,True,True,False
STU0454,Male,15,71.5,9.2,5.3,22440,Secondary,True,True,False
STU0455,Female,16,73.6,6.7,18.4,8397,Secondary,False,True,False
STU0456,Female,13,39.2,7.4,22.7,55096,Graduate,True,False,True
STU0457,Male,18,42.6,3.1,24.3,54432,Primary,True,True,True
STU0458,Male,15,42.7,8.7,12.4,38690,Secondary,False,True,False
STU0459,Female,18,47.3,8.8,11.2,14088,Primary,False,True,False
STU0460,Male,16,66.0,4.2,14.9,40810,Secondary,True,True,False
STU0461,Male,15,41.4,4.5,24.2,51304,Graduate,True,True,True
STU0462,Male,15,48.1,6.9,8.2,23363,Primary,True,True,False
STU0463,Female,17,84.1,2.2,24.2,43884,Secondary,False,True,False
STU0464,Male,15,61.8,3.1,1.9,25067,Graduate,True,False,False
STU0465,Female,17,41.9,5.7,8.5,40677,None,True,True,False
STU0466,Male,15,88.0,4.9,6.3,9664,Primary,True,True,False
STU0467,Female,17,73.2,7.4,4.3,11035,Secondary,False,True,False
STU0468,Male,17,41.7,1.3,18.4,12935,Secondary,True,True,True
STU0469,Female,17,76.5,5.3,21.1,5513,Graduate,True,True,False
STU0470,Male,19,86.4,6.3,21.7,27162,Postgraduate,False,True,False
STU0471,Female,16,44.4,2.0,6.8,48539,Graduate,False,True,False
STU0472,Male,19,34.0,5.8,23.4,51876,Primary,True,True,False
STU0473,Female,14,32.8,2.1,11.4,53166,Secondary,False,True,True
STU0474,Male,17,95.4,3.8,12.7,9484,Primary,False,True,False
STU0475,Male,19,32.9,2.3,24.7,49119,Secondary,True,False,True
STU0476,Male,18,97.6,1.0,23.8,56399,Secondary,True,True,False
STU0477,Male,16,74.7,8.8,11.4,19223,Secondary,True,True,False
STU0478,Male,19,66.1,5.4,16.7,55207,Primary,False,False,False
STU0479,Female,14,39.8,1.3,7.8,42380,Primary,True,False,True
STU0480,Male,17,79.3,2.8,16.9,24991,Secondary,True,True,False
STU0481,Female,15,97.9,1.8,16.8,39534,Primary,True,True,False
STU0482,Female,13,61.1,8.8,4.5,20174,Graduate,True,True,False
STU0483,Male,14,78.5,8.5,23.6,11584,Graduate,True,True,False
STU0484,Female,16,77.8,5.5,15.5,11317,Secondary,False,True,False
STU0485,Female,16,90.8,6.1,0.9,6949,Secondary,True,True,False
STU0486,Female,18,95.2,7.2,16.9,59495,Secondary,False,True,False
STU0487,Male,19,45.1,6.9,9.9,52733,Graduate,True,True,False
STU0488,Female,18,75.6,2.0,16.5,45525,Secondary,True,True,False
STU0489,Female,14,100.0,1.4,24.4,30157,Graduate,False,True,False
STU0490,Female,15,58.5,8.8,19.6,37868,Secondary,False,True,False
STU0491,Male,13,69.7,7.6,22.0,8525,Secondary,False,True,False
STU0492,Male,16,58.3,3.9,16.7,31918,None,False,True,True
STU0493,Male,18,86.5,7.9,20.0,21783,Primary,False,True,False
STU0494,Female,15,60.5,8.4,3.1,7401,Secondary,True,True,False
STU0495,Female,18,68.1,1.1,8.2,47838,Graduate,False,True,False
STU0496,Male,13,55.7,4.6,17.4,15986,Secondary,True,True,True
STU0497,Female,13,57.2,5.0,6.0,2528,Secondary,True,False,True
STU0498,Female,18,56.1,3.0,1.9,10662,Secondary,True,True,False
STU0499,Male,13,72.2,7.0,15.5,22535,Secondary,False,True,False
STU0500,Male,18,62.4,4.4,21.6,46376,Primary,True,True,False
STU0501,Male,16,66.3,5.3,0.7,25015,Graduate,True,False,False
STU0502,Female,19,53.9,4.4,10.0,16237,None,True,True,False
STU0503,Male,17,70.6,5.8,15.2,49841,Secondary,False,True,False
STU0504,Male,14,83.5,8.3,18.0,20151,Secondary,True,True,False
STU0505,Female,19,96.9,1.2,5.0,47251,None,False,True,False
STU0506,Male,18,30.5,6.8,22.5,27673,Primary,True,True,False
STU0507,Male,16,47.0,9.3,1.6,27289,Primary,False,True,False
STU0508,Male,17,95.4,4.2,2.6,2790,Postgraduate,False,True,False
STU0509,Female,15,64.0,3.3,7.2,37806,Secondary,False,False,False
STU0510,Male,13,51.5,8.2,13.5,40493,None,False,True,False
STU0511,Male,19,51.8,6.5,17.9,28081,Secondary,False,True,False
STU0512,Female,13,49.1,4.7,3.1,43978,Secondary,True,True,False
STU0513,Female,13,42.7,7.1,4.6,35508,Postgraduate,True,True,False
STU0514,Female,17,66.8,7.4,2.8,43569,Graduate,True,True,False
STU0515,Female,18,69.7,3.3,24.1,57474,Primary,True,True,False
STU0516,Female,13,63.8,8.3,13.8,31712,Secondary,True,True,False
STU0517,Male,13,33.0,6.7,23.8,2830,Graduate,True,True,True
STU0518,Female,17,72.1,8.4,22.1,35896,Graduate,False,True,False
STU0519,Male,18,46.0,2.9,15.3,53191,Graduate,True,True,True
STU0520,Male,15,58.8,8.6,22.5,54894,Secondary,True,True,False
STU0521,Male,16,54.7,3.1,19.5,31831,Secondary,True,True,True
STU0522,Male,15,49.2,8.4,10.7,12309,Primary,True,False,True
STU0523,Male,14,76.7,1.9,15.6,50547,Secondary,True,False,True
STU0524,Male,14,61.6,6.3,4.3,5013,Secondary,False,False,False
STU0525,Male,19,81.6,8.8,5.5,4317,Secondary,False,True,False
STU0526,Male,16,36.7,1.2,16.1,49204,Secondary,True,True,True
STU0527,Male,17,72.5,5.9,5.9,46127,Postgraduate,True,True,False
STU0528,Male,16,57.4,6.4,12.5,6517,Graduate,False,True,True
STU0529,Female,15,99.1,2.2,17.4,7661,Secondary,True,True,True
STU0530,Female,17,58.3,4.9,18.0,53413,Secondary,True,True,True
STU0531,Female,19,78.5,9.9,3.3,52848,Primary,True,True,False
STU0532,Female,13,37.3,7.5,14.5,17269,Secondary,True,False,True
STU0533,Male,19,49.2,1.7,2.2,45077,Secondary,False,True,False
STU0534,Male,16,92.6,2.7,8.2,34245,Postgraduate,True,True,False
STU0535,Male,13,45.9,4.2,1.8,17169,Graduate,False,True,False
STU0536,Female,16,66.3,1.6,20.0,51014,None,True,True,False
STU0537,Female,13,46.4,5.9,22.0,40790,Secondary,False,True,False
STU0538,Male,14,75.6,5.8,8.2,21115,Primary,False,False,False
STU0539,Female,18,53.3,7.0,24.9,56519,Graduate,False,True,False
STU0540,Male,13,76.3,6.0,18.3,15284,Primary,True,True,False
STU0541,Male,16,62.6,1.5,14.1,32543,Secondary,True,True,False
STU0542,Male,16,97.0,2.6,17.3,22205,Secondary,True,True,False
STU0543,Female,19,44.1,5.8,2.5,48183,Secondary,True,True,False
STU0544,Female,14,61.5,7.8,8.8,7977,Graduate,False,True,False
STU0545,Male,18,76.5,8.2,23.2,21584,Primary,True,True,False
STU0546,Female,19,46.4,4.6,3.9,31635,Secondary,True,True,False
STU0547,Male,19,99.5,9.3,13.5,54023,Primary,True,True,False
STU0548,Male,14,88.9,5.7,15.6,14984,Graduate,False,True,False
STU0549,Male,17,36.2,7.8,3.3,40411,Primary,True,True,False
STU0550,Male,14,87.8,8.0,17.7,44335,Secondary,True,True,False
STU0551,Female,13,32.5,3.7,6.7,4798,Postgraduate,True,True,True
STU0552,Female,19,55.2,1.8,23.4,49476,Secondary,True,True,True
STU0553,Female,14,68.8,3.7,10.0,25196,Primary,True,True,False
STU0554,Female,14,61.3,6.4,12.9,4270,Secondary,True,True,False
STU0555,Female,16,94.4,5.5,24.8,59853,Secondary,True,True,False
STU0556,Female,14,89.6,2.9,23.3,29474,Primary,True,True,False
STU0557,Male,16,38.1,8.4,9.6,53243,Graduate,False,True,False
STU0558,Female,15,91.5,8.8,20.2,39070,Secondary,False,True,False
STU0559,Male,15,85.3,3.7,2.1,41132,Primary,False,True,False
STU0560,Female,17,58.2,2.6,17.4,25424,Graduate,True,False,True
STU0561,Male,14,54.2,9.8,16.1,45048,Primary,True,True,False
STU0562,Male,17,87.6,2.2,21.6,57476,Postgraduate,False,True,False
STU0563,Male,14,94.6,5.4,15.2,17502,Secondary,False,False,False
STU0564,Male,18,83.5,2.6,12.6,47911,Secondary,True,True,False
STU0565,Male,19,57.9,2.3,9.3,55110,Graduate,False,True,False
STU0566,Male,16,34.8,1.2,3.5,4487,None,True,True,True
STU0567,Male,17,97.4,5.9,24.1,33325,None,True,False,False
STU0568,Female,18,60.3,3.8,12.7,13630,Postgraduate,False,True,False
STU0569,Male,17,60.8,2.0,16.1,48182,Postgraduate,True,False,True
STU0570,Female,13,45.1,6.6,16.3,26483,Graduate,False,True,False
STU0571,Female,15,40.6,1.6,19.5,23142,Primary,True,True,True
STU0572,Female,19,62.2,1.5,24.9,43894,Postgraduate,False,True,False
STU0573,Female,14,34.0,7.3,24.6,45616,Secondary,True,True,False
STU0574,Female,14,46.7,2.3,3.1,13646,Graduate,False,False,True
STU0575,Male,14,51.2,1.9,17.3,41478,Secondary,True,True,True
STU0576,Male,16,34.4,5.6,24.9,11217,Secondary,True,True,False
STU0577,Female,14,87.0,6.5,7.7,43693,Graduate,True,False,False
STU0578,Female,16,73.7,5.7,10.7,2746,Primary,True,True,False
STU0579,Female,15,39.1,9.0,11.3,53578,Primary,True,True,False
STU0580,Female,18,43.6,4.3,10.4,29502,Postgraduate,False,True,True
STU0581,Female,15,87.9,7.6,19.3,37784,Secondary,False,True,False
STU0582,Male,14,30.8,4.7,12.1,31575,None,True,True,True
STU0583,Female,15,31.3,3.3,19.0,8863,None,True,False,True
STU0584,Male,18,39.6,5.8,5.5,6915,Secondary,True,True,False
STU0585,Female,18,30.8,3.2,24.4,4031,Secondary,True,True,True
STU0586,Female,14,86.1,9.6,12.2,5509,Primary,True,False,True
STU0587,Female,18,37.7,5.9,11.4,38314,Graduate,False,True,False
STU0588,Female,14,89.1,1.9,12.3,8285,None,False,True,False
STU0589,Female,13,40.5,3.9,18.5,30023,None,False,True,True
STU0590,Male,14,63.3,4.4,9.9,13195,Secondary,True,True,False
STU0591,Male,15,62.2,8.1,22.3,53437,Secondary,False,False,False
STU0592,Female,13,96.9,8.1,8.0,44065,Secondary,True,True,False
STU0593,Female,15,78.2,4.9,6.4,14227,Secondary,False,True,False
STU0594,Female,14,88.9,1.3,22.6,56858,Primary,True,True,False
STU0595,Male,13,62.3,6.7,16.5,45787,Secondary,False,False,False
STU0596,Male,17,92.7,6.7,15.4,5996,Graduate,False,False,True
STU0597,Female,17,34.7,5.7,3.8,59780,Primary,False,True,False
STU0598,Male,17,81.6,5.6,17.0,39435,Postgraduate,True,True,False
STU0599,Female,14,32.9,1.8,17.9,12955,Postgraduate,True,True,True
STU0600,Female,13,35.0,1.6,0.4,46769,Secondary,True,False,True
STU0601,Female,15,97.0,7.6,8.9,49651,Postgraduate,True,True,False
STU0602,Female,17,50.8,4.1,19.4,23373,Graduate,False,False,True
STU0603,Male,19,76.3,2.7,4.4,47902,Secondary,False,True,False
STU0604,Male,14,36.9,6.9,19.1,39132,Secondary,True,False,True
STU0605,Male,19,48.6,1.2,2.1,20749,Graduate,False,False,True
STU0606,Female,16,97.8,3.7,19.3,44912,Secondary,False,True,False
STU0607,Female,16,73.7,4.4,5.2,11427,Secondary,False,True,False
STU0608,Female,18,38.5,6.5,19.4,17569,None,False,False,True
STU0609,Female,13,75.1,5.8,1.1,24142,Graduate,False,True,False
STU0610,Female,19,97.8,8.2,7.4,47625,Secondary,True,True,False
STU0611,Female,19,98.6,6.4,14.6,56121,Secondary,False,True,False
STU0612,Male,14,82.4,8.3,16.4,30948,Primary,False,True,False
STU0613,Female,19,39.0,4.0,23.2,5683,Secondary,True,True,True
STU0614,Female,14,45.7,4.3,10.9,53151,Graduate,True,True,True
STU0615,Male,19,60.8,6.5,23.6,5776,Primary,False,True,False
STU0616,Female,18,46.8,2.1,5.0,15048,Primary,False,True,False
STU0617,Male,18,92.1,6.8,7.2,4002,Primary,False,True,False
STU0618,Male,19,87.1,8.8,21.2,33102,Secondary,False,True,False
STU0619,Female,18,94.3,3.3,18.9,56451,Secondary,False,True,False
STU0620,Male,14,62.2,8.6,18.2,57956,Secondary,True,False,False
STU0621,Male,18,84.4,6.9,4.5,15548,Primary,False,True,False
STU0622,Male,16,68.2,9.9,23.4,10671,Secondary,True,True,False
STU0623,Female,18,33.0,2.5,3.4,48489,Secondary,False,False,True
STU0624,Female,16,80.8,8.4,5.4,18514,Primary,False,True,False
STU0625,Female,17,65.4,8.6,18.3,8705,None,False,True,False
STU0626,Female,15,68.0,6.3,12.8,46853,Primary,True,True,False
STU0627,Female,18,50.8,6.1,17.3,23308,Graduate,False,True,False
STU0628,Female,14,91.1,6.7,19.1,11825,Secondary,True,False,False
STU0629,Female,18,41.2,5.2,0.3,22944,Secondary,True,True,False
STU0630,Female,15,47.3,7.5,24.8,29431,Secondary,True,True,False
STU0631,Male,15,36.9,4.6,20.0,49615,Graduate,False,False,True
STU0632,Female,17,44.3,6.0,18.4,21673,Graduate,True,True,False
STU0633,Female,14,73.1,2.7,8.9,50556,Primary,True,False,False
STU0634,Female,18,84.9,6.0,0.2,7852,Primary,True,True,False
STU0635,Female,16,83.3,1.3,18.7,53648,Graduate,False,True,False
STU0636,Female,16,44.2,9.6,9.3,57785,Primary,True,False,False
STU0637,Male,16,52.9,2.3,7.7,14749,Secondary,False,True,False
STU0638,Female,13,91.4,10.0,9.3,59071,Graduate,True,False,False
STU0639,Male,19,71.5,4.5,10.4,7296,Secondary,True,True,True
STU0640,Male,17,34.5,6.2,14.1,15068,Graduate,True,False,True
STU0641,Male,17,40.3,4.0,10.9,35071,Primary,False,True,True
STU0642,Male,16,36.2,3.0,15.0,59445,Secondary,True,True,True
STU0643,Male,16,53.4,1.2,0.7,15018,Secondary,False,False,True
STU0644,Male,19,43.0,8.2,11.5,35535,None,True,False,True
STU0645,Male,19,81.0,5.5,11.0,4585,Graduate,False,False,True
STU0646,Male,18,72.7,2.2,18.8,44414,Primary,False,False,True
STU0647,Male,19,49.0,7.8,11.3,12446,Primary,False,False,True
STU0648,Male,16,32.4,1.6,22.7,33989,Primary,False,True,True
STU0649,Male,15,39.7,5.8,10.3,44924,Secondary,True,False,True
STU0650,Male,13,95.6,1.5,10.5,44165,Postgraduate,False,False,True
STU0651,Male,13,40.6,3.0,6.3,28439,Secondary,True,False,True
STU0652,Female,19,38.0,8.7,18.1,5556,Graduate,False,True,True
STU0653,Male,17,48.1,2.5,8.3,50248,None,False,False,True
STU0654,Female,18,50.1,8.1,14.5,51012,Graduate,False,False,True
STU0655,Male,16,42.9,9.0,16.4,27398,Secondary,False,False,True
STU0656,Male,13,40.6,5.0,15.4,50737,Primary,False,False,True
STU0657,Female,18,41.4,1.1,14.0,12145,None,False,True,True
STU0658,Female,16,54.4,5.1,18.7,4873,Primary,True,True,True
STU0659,Male,14,48.2,9.2,16.8,50939,Secondary,False,False,True
STU0660,Male,15,69.2,2.0,11.2,46386,Graduate,False,False,True
STU0661,Female,14,59.6,1.4,18.5,29043,Postgraduate,True,True,True
STU0662,Female,14,46.9,1.1,11.8,2316,Secondary,True,True,True
STU0663,Male,19,35.5,3.2,19.9,35238,Secondary,False,True,True
STU0664,Male,15,47.8,4.3,11.9,41454,Graduate,True,True,True
STU0665,Female,17,30.5,3.0,1.0,38936,Secondary,False,False,True
STU0666,Male,16,37.6,4.0,20.1,41749,Postgraduate,False,True,True
STU0667,Male,17,49.2,4.6,10.6,37342,Graduate,False,True,True
STU0668,Female,19,58.8,9.2,17.9,4846,Secondary,False,True,True
STU0669,Male,17,34.2,6.4,17.2,2471,Secondary,True,True,True
STU0670,Female,16,38.0,4.5,11.5,25741,Primary,False,True,True
STU0671,Female,15,55.8,2.1,10.5,58031,Secondary,False,True,True
STU0672,Male,19,72.9,8.9,18.1,7969,Graduate,False,False,True
STU0673,Female,18,59.5,3.7,12.2,41155,None,True,True,True
STU0674,Female,15,70.8,4.3,15.1,9668,Graduate,False,False,True
STU0675,Male,18,53.8,1.6,10.3,56537,Primary,False,True,True
STU0676,Male,17,55.5,3.0,24.7,19634,Primary,True,True,True
STU0677,Female,14,57.0,4.1,13.6,37950,Primary,False,True,True
STU0678,Male,17,57.7,1.4,11.9,39741,Secondary,True,False,True
STU0679,Male,14,50.0,2.8,19.1,12938,Secondary,True,True,True
STU0680,Female,17,57.1,5.6,12.4,5527,None,False,True,True
STU0681,Female,19,37.6,8.7,11.0,23312,Graduate,False,False,True
STU0682,Male,15,50.6,1.1,18.5,7191,Secondary,True,True,True
STU0683,Male,16,54.4,2.0,20.2,16233,Secondary,False,True,True
STU0684,Male,19,33.5,1.7,10.1,48837,Primary,False,True,True
STU0685,Female,14,45.8,6.8,24.5,25620,Graduate,True,False,True
STU0686,Male,15,49.9,2.2,15.8,4587,Secondary,False,True,True
STU0687,Female,19,55.2,3.4,21.1,38140,Primary,False,True,True
STU0688,Female,13,50.9,1.9,19.6,16149,Postgraduate,True,True,True
STU0689,Male,19,55.9,1.5,19.2,13822,Secondary,False,True,True
STU0690,Female,15,59.2,8.4,21.3,22653,Secondary,False,False,True
STU0691,Male,14,75.1,4.6,17.9,58080,Secondary,False,False,True
STU0692,Female,13,31.4,2.1,10.4,49893,Graduate,False,True,True
STU0693,Female,14,46.0,3.2,12.2,51658,Graduate,True,True,True
STU0694,Male,15,43.7,2.3,15.6,13162,None,True,True,True
STU0695,Male,13,40.3,1.1,15.8,18213,Postgraduate,False,True,True
STU0696,Male,13,48.2,4.9,14.9,10620,Primary,False,True,True
STU0697,Female,18,45.5,3.9,21.2,4572,Secondary,True,True,True
STU0698,Female,17,49.8,4.2,22.4,43198,Secondary,True,True,True
STU0699,Female,15,84.6,5.3,12.5,7747,None,False,False,True
STU0700,Female,19,35.0,1.6,23.5,6434,Graduate,True,True,True
STU0701,Female,17,59.8,1.3,3.3,49787,Secondary,False,False,True
STU0702,Female,16,45.8,3.7,7.7,4981,Secondary,True,True,True
STU0703,Male,18,46.1,1.0,18.3,20456,Primary,True,True,True
STU0704,Female,19,97.7,3.0,16.6,2401,Primary,False,True,True
STU0705,Female,16,51.2,3.9,17.8,54248,None,True,True,True
STU0706,Male,13,54.2,4.0,24.5,36116,Graduate,False,True,True
STU0707,Female,13,56.6,2.5,19.7,2999,Postgraduate,True,True,True
STU0708,Female,15,97.7,1.5,12.7,55571,Primary,True,False,True
STU0709,Female,14,51.7,3.6,21.8,47849,Postgraduate,False,True,True
STU0710,Male,17,51.5,4.2,15.6,17970,Secondary,False,True,True
STU0711,Female,15,34.0,4.4,23.6,38378,None,False,True,True
STU0712,Male,13,43.9,4.8,18.8,16261,Graduate,True,True,True
STU0713,Female,19,37.9,4.6,18.5,10359,Graduate,True,True,True
STU0714,Female,19,57.8,3.4,5.2,4043,Primary,False,True,True
STU0715,Male,15,35.4,1.7,23.8,59195,Secondary,True,True,True
STU0716,Male,14,50.8,1.8,15.0,49273,Graduate,False,False,True
STU0717,Female,19,51.9,3.4,15.0,49901,Primary,False,True,True
STU0718,Female,18,40.8,9.5,18.4,7247,Primary,False,True,True
STU0719,Male,14,43.9,8.9,18.5,41029,Postgraduate,True,False,True
STU0720,Male,15,48.8,4.3,22.4,37888,None,True,False,True
STU0721,Male,16,95.5,1.6,20.6,45017,Graduate,True,False,True
STU0722,Female,14,34.9,2.7,16.6,42236,Secondary,False,True,True
STU0723,Male,16,37.7,3.6,7.8,11755,Secondary,True,False,True
STU0724,Female,16,55.0,4.2,20.7,30577,Secondary,True,True,True
STU0725,Female,19,37.2,4.5,13.9,52233,Primary,True,True,True
STU0726,Male,16,65.2,2.7,21.5,45301,Primary,False,False,True
STU0727,Male,16,41.6,1.0,18.0,9745,Primary,False,False,True
STU0728,Male,16,37.4,3.0,13.0,42057,Primary,True,False,True
STU0729,Male,15,59.1,4.9,13.6,6143,Primary,True,True,True
STU0730,Male,13,47.7,1.1,18.1,54206,Primary,False,True,True
STU0731,Female,14,35.3,4.5,20.1,53050,Primary,True,True,True
STU0732,Female,14,97.8,1.6,16.2,31998,Graduate,False,False,True
STU0733,Male,15,35.2,4.4,20.1,10336,None,True,True,True
STU0734,Male,13,56.1,1.6,9.3,28980,Graduate,False,False,True
STU0735,Male,14,43.2,1.7,17.4,23949,Primary,True,True,True
STU0736,Female,13,78.6,3.0,14.9,7254,Secondary,True,True,True
STU0737,Male,13,46.9,1.4,10.3,28513,Postgraduate,True,False,True
STU0738,Female,14,39.1,1.2,9.1,2281,Postgraduate,False,True,True
STU0739,Female,16,57.2,3.1,15.0,11695,Graduate,False,True,True
STU0740,Male,14,66.9,2.9,24.9,49700,Graduate,False,False,True
STU0741,Male,17,40.8,6.2,7.0,5834,Primary,False,False,True
STU0742,Male,19,59.6,1.8,15.2,8193,Secondary,True,True,True
STU0743,Female,17,53.5,1.6,24.4,36283,Graduate,False,True,True
STU0744,Male,16,44.8,3.1,11.8,47273,Graduate,True,True,True
STU0745,Male,19,38.8,2.8,23.8,6471,Secondary,True,False,True
STU0746,Female,15,85.7,2.6,16.9,6025,None,True,True,True
STU0747,Female,15,45.4,3.0,21.9,55054,Graduate,True,True,True
STU0748,Female,13,54.6,1.8,12.2,32206,Secondary,False,True,True
STU0749,Female,15,94.5,1.4,7.4,3337,Secondary,True,False,True
STU0750,Female,17,44.5,3.1,22.7,27578,Secondary,True,False,True
STU0751,Female,17,32.4,6.0,11.0,35775,Secondary,True,False,True
STU0752,Male,14,80.7,2.0,15.2,11861,Graduate,False,False,True
STU0753,Female,19,46.4,4.1,0.8,3304,None,True,True,True
STU0754,Female,19,97.3,7.0,23.3,6166,Postgraduate,False,False,True
STU0755,Male,19,43.0,4.4,23.2,50460,Secondary,True,True,True
STU0756,Male,15,34.3,1.8,4.2,38223,Secondary,False,False,True
STU0757,Female,17,30.5,2.9,16.6,6349,Secondary,False,True,True
STU0758,Male,19,58.8,4.6,22.1,5414,Secondary,True,True,True
STU0759,Female,19,42.9,4.1,10.8,22932,Secondary,True,True,True
STU0760,Male,17,51.0,6.4,10.9,44408,Secondary,True,False,True
STU0761,Female,14,41.5,2.0,13.7,19156,Graduate,True,True,True
STU0762,Female,15,48.2,9.7,10.8,27866,Secondary,True,False,True
STU0763,Male,17,54.3,1.5,1.4,13755,Primary,False,False,True
STU0764,Male,15,73.0,3.3,14.5,4894,Postgraduate,False,False,True
STU0765,Female,18,55.1,8.4,20.5,25631,Postgraduate,False,False,True
STU0766,Male,17,58.5,2.5,16.4,52256,Secondary,False,False,True
STU0767,Male,16,34.8,4.8,3.0,26481,Secondary,True,False,True
STU0768,Female,17,35.4,4.2,13.8,45123,None,True,True,True
STU0769,Female,13,37.4,4.2,10.4,28139,Primary,True,False,True
STU0770,Female,19,87.9,1.4,10.5,30335,Graduate,False,False,True
STU0771,Male,19,66.0,3.8,14.4,27752,None,False,False,True
STU0772,Male,13,45.6,3.8,13.7,21720,Graduate,True,True,True
STU0773,Male,13,59.2,2.4,4.4,12885,Postgraduate,False,False,True
STU0774,Female,13,35.9,4.5,2.6,23879,None,False,False,True
STU0775,Female,18,51.5,1.4,14.7,48621,Secondary,False,False,True
STU0776,Male,14,93.3,4.4,13.8,41698,Secondary,False,False,True
STU0777,Female,15,33.5,4.8,20.8,17382,Primary,True,False,True
STU0778,Male,19,35.8,2.9,18.8,59521,Secondary,True,False,True
STU0779,Male,18,33.6,5.4,11.1,5304,Postgraduate,False,True,True
STU0780,Male,13,53.4,4.6,13.3,53226,Secondary,True,False,True
STU0781,Male,17,41.3,6.1,20.2,8908,Primary,True,False,True
STU0782,Female,18,48.8,4.2,10.3,59048,None,False,True,True
STU0783,Male,19,58.8,3.2,16.8,30103,Secondary,False,False,True
STU0784,Male,13,57.8,2.4,18.5,24171,Secondary,True,True,True
STU0785,Female,19,55.2,7.0,6.8,4430,Secondary,True,False,True
STU0786,Male,19,37.2,2.1,24.5,50874,Postgraduate,True,True,True
STU0787,Female,13,48.1,1.3,15.8,36260,Primary,False,True,True
STU0788,Female,13,33.5,9.0,14.5,10016,Secondary,True,False,True
STU0789,Male,18,50.7,1.0,6.9,38657,None,True,False,True
STU0790,Male,13,71.5,1.1,18.2,20019,Graduate,True,False,True
STU0791,Male,13,37.2,4.6,18.3,37506,Primary,True,True,True
STU0792,Male,16,72.5,4.5,6.1,3894,Secondary,True,False,True
STU0793,Male,15,42.4,9.9,11.2,39240,Secondary,True,False,True
STU0794,Female,18,51.4,4.6,16.8,12969,None,False,True,True
STU0795,Male,15,78.5,7.3,18.9,7879,Secondary,True,False,True
STU0796,Male,18,89.5,2.8,3.2,2134,Secondary,True,False,True
STU0797,Female,18,34.0,1.9,14.7,10088,Secondary,False,False,True
STU0798,Female,14,78.3,3.3,7.8,7896,Graduate,False,False,True
STU0799,Female,14,34.3,4.1,12.7,23935,None,True,False,True
STU0800,Female,15,61.6,4.2,10.1,6118,Secondary,True,True,True
STU0801,Female,19,38.1,8.9,10.4,3574,Secondary,False,False,True
STU0802,Male,13,57.1,6.9,11.1,33036,Primary,False,False,True
STU0803,Male,17,38.9,4.5,4.2,5421,Primary,False,True,True
STU0804,Male,17,67.8,1.7,14.2,48746,None,True,False,True
STU0805,Female,14,40.0,2.4,10.9,17935,Primary,True,True,True
STU0806,Male,19,95.9,2.1,21.9,6482,Secondary,False,True,True
STU0807,Female,15,32.8,4.6,13.0,12635,Primary,True,True,True
STU0808,Male,14,33.8,6.4,22.6,14964,Primary,True,False,True
STU0809,Male,15,56.8,2.9,11.1,57544,Secondary,True,True,True
STU0810,Male,19,33.4,8.4,20.7,19156,Postgraduate,True,False,True
STU0811,Male,13,45.4,6.6,14.3,52009,Secondary,True,False,True
STU0812,Female,19,42.9,1.5,15.1,11736,Secondary,True,True,True
STU0813,Female,17,34.3,1.6,14.4,12302,Postgraduate,False,True,True
STU0814,Female,16,33.1,2.7,13.6,28801,Secondary,False,True,True
STU0815,Female,13,40.0,4.4,13.9,52467,Primary,False,True,True
STU0816,Female,16,35.4,1.0,16.8,55861,Secondary,True,True,True
STU0817,Male,16,42.4,1.9,23.9,52471,Postgraduate,False,True,True
STU0818,Female,17,35.1,3.5,8.8,43277,Graduate,False,False,True
STU0819,Male,18,58.0,4.7,24.5,38235,Primary,False,True,True
STU0820,Male,16,81.2,4.8,14.5,5765,Secondary,True,True,True
STU0821,Male,17,59.3,4.2,14.9,50053,Secondary,False,False,True
STU0822,Female,16,39.3,3.4,10.5,24521,Graduate,True,True,True
STU0823,Female,14,36.4,6.6,13.8,7084,Secondary,True,True,True
STU0824,Male,16,58.5,5.7,22.4,25467,Primary,True,False,True
STU0825,Male,16,43.7,1.2,21.6,47661,None,True,True,True
STU0826,Male,14,36.1,2.5,13.0,16010,Primary,False,True,True
STU0827,Female,18,45.0,3.5,10.1,22725,None,True,True,True
STU0828,Male,18,31.4,2.4,22.2,37139,Graduate,True,True,True
STU0829,Male,17,33.4,3.1,22.4,40500,Graduate,True,True,True
STU0830,Male,18,46.7,7.8,19.0,4484,Primary,False,True,True
STU0831,Female,15,51.2,8.0,19.2,17876,Primary,True,False,True
STU0832,Female,13,70.3,2.9,12.7,14613,None,True,False,True
STU0833,Male,13,51.9,4.8,16.2,13382,Secondary,True,True,True
STU0834,Male,16,48.8,2.8,19.6,13562,Secondary,False,True,True
STU0835,Male,17,47.4,3.9,20.2,49621,Primary,False,True,True
STU0836,Male,17,33.8,7.5,11.9,14374,Graduate,True,False,True
STU0837,Male,13,79.7,1.9,21.0,6577,Graduate,False,True,True
STU0838,Male,13,48.9,3.2,23.6,21210,None,True,True,True
STU0839,Male,13,39.7,1.1,13.7,6001,Primary,True,True,True
STU0840,Female,17,39.7,9.8,6.3,5751,Postgraduate,False,False,True
STU0841,Male,19,59.1,4.8,19.6,36775,Primary,True,True,True
STU0842,Female,17,43.7,8.4,16.3,29074,Secondary,True,False,True
STU0843,Male,14,44.3,4.8,5.6,34632,Graduate,False,False,True
STU0844,Female,13,54.4,4.4,15.6,54136,Secondary,True,False,True
STU0845,Male,17,86.2,4.1,11.2,26100,Primary,False,False,True
STU0846,Male,15,77.3,5.6,21.5,6055,Secondary,True,False,True
STU0847,Female,19,46.3,1.6,4.8,45204,Postgraduate,True,False,True
STU0848,Male,16,38.7,1.6,22.7,29991,Secondary,True,False,True
STU0849,Male,16,41.7,3.8,12.6,55272,Graduate,False,True,True
STU0850,Male,14,73.9,2.7,3.7,4407,Primary,False,False,True
STU0851,Male,16,53.4,3.8,15.9,31888,None,False,True,True
STU0852,Male,17,54.9,2.3,15.0,15353,None,False,False,True
STU0853,Male,15,43.8,3.1,7.6,53628,Secondary,True,False,True
STU0854,Female,17,52.1,1.5,15.3,19763,Secondary,True,True,True
STU0855,Male,15,40.3,3.7,2.3,2622,Secondary,True,True,True
STU0856,Male,16,93.8,1.1,12.1,39195,Graduate,True,False,True
STU0857,Female,18,38.6,3.8,23.2,52956,Primary,False,True,True
STU0858,Female,14,54.6,9.2,14.3,26463,Postgraduate,False,False,True
STU0859,Female,13,57.7,1.5,10.1,2337,Secondary,True,True,True
STU0860,Female,16,41.6,7.4,13.4,6020,Secondary,True,True,True
STU0861,Male,14,32.9,3.9,14.0,4679,None,False,True,True
STU0862,Male,14,41.6,4.4,15.5,48180,Secondary,True,True,True
STU0863,Male,18,43.0,1.8,11.0,55381,Secondary,True,True,True
STU0864,Male,14,69.1,4.1,23.3,39479,Primary,True,False,True
STU0865,Female,15,73.0,3.1,12.1,7455,Postgraduate,False,True,True
STU0866,Male,18,33.2,4.9,21.1,49597,Secondary,True,False,True
STU0867,Male,16,55.7,1.9,19.2,18072,Secondary,False,True,True
STU0868,Male,14,94.7,1.5,12.2,11124,Secondary,False,False,True
STU0869,Female,18,47.5,4.1,21.3,37626,Primary,True,True,True
STU0870,Male,15,44.1,9.2,19.0,34718,Secondary,False,False,True
STU0871,Male,16,31.5,1.3,11.2,7479,Secondary,False,True,True
STU0872,Female,14,49.8,3.7,24.6,52162,Primary,True,True,True
STU0873,Female,17,45.3,3.9,18.9,48622,Graduate,False,True,True
STU0874,Female,14,57.6,6.5,11.2,19814,Postgraduate,False,False,True
STU0875,Female,16,54.8,4.6,1.5,22525,Secondary,False,False,True
STU0876,Male,17,32.7,4.3,24.5,39014,None,False,True,True
STU0877,Male,18,34.8,5.9,10.5,32350,None,True,False,True
STU0878,Female,13,39.0,3.7,19.5,54738,None,False,True,True
STU0879,Male,17,32.8,1.2,19.4,44196,None,True,True,True
STU0880,Female,19,60.0,1.2,19.6,6782,Primary,False,True,True
STU0881,Male,16,57.2,9.0,22.4,23543,None,False,False,True
STU0882,Female,13,31.0,3.3,11.3,53905,Postgraduate,False,True,True
STU0883,Male,17,58.4,2.5,24.4,26743,Primary,True,False,True
STU0884,Female,15,56.9,4.1,10.9,57383,Secondary,False,True,True
STU0885,Male,18,46.7,3.0,12.7,20999,Graduate,True,True,True
STU0886,Female,17,48.3,1.1,16.2,26974,Primary,False,False,True
STU0887,Female,14,47.1,9.7,24.0,42387,Secondary,True,False,True
STU0888,Female,14,47.3,4.1,22.4,43698,Secondary,True,True,True
STU0889,Male,15,46.9,7.1,17.9,7437,Postgraduate,True,True,True
STU0890,Female,15,34.5,6.4,18.5,13837,None,False,False,True
STU0891,Male,18,43.9,4.1,15.5,39178,Secondary,True,True,True
STU0892,Female,13,46.7,2.9,10.3,14638,Secondary,True,True,True
STU0893,Male,14,57.4,9.8,23.9,7468,Graduate,True,True,True
STU0894,Female,16,52.2,3.4,12.7,35597,Postgraduate,True,True,True
STU0895,Female,19,58.6,4.0,17.4,22889,Secondary,False,True,True
STU0896,Female,13,40.9,7.8,14.2,2631,Secondary,True,True,True
STU0897,Male,15,94.9,8.8,17.7,3168,Secondary,True,False,True
STU0898,Female,14,37.4,8.0,20.2,57157,Postgraduate,True,False,True
STU0899,Female,16,74.7,1.7,10.9,57618,Secondary,True,False,True
STU0900,Male,18,37.3,2.3,21.9,55233,Secondary,True,False,True
STU0901,Male,17,48.2,4.5,23.6,36576,Primary,False,True,True
STU0902,Male,18,74.7,4.1,24.9,7112,None,False,True,True
STU0903,Male,18,48.4,3.5,23.3,16164,Secondary,False,True,True
STU0904,Male,13,75.3,2.2,16.3,20208,Secondary,False,False,True
STU0905,Female,14,32.8,4.3,20.7,19482,None,False,True,True
STU0906,Male,18,63.5,4.2,17.1,5268,Secondary,True,True,True
STU0907,Female,14,52.1,2.1,16.4,59842,Secondary,False,True,True
STU0908,Female,18,35.4,7.0,20.5,2203,None,False,True,True
STU0909,Male,14,47.1,4.8,21.0,22651,Secondary,True,True,True
STU0910,Female,14,91.4,3.2,13.8,2834,Secondary,False,True,True
STU0911,Male,15,43.5,1.9,22.8,59754,None,True,True,True
STU0912,Male,19,89.1,4.9,8.6,3139,Secondary,False,False,True
STU0913,Female,15,42.9,1.5,14.7,32064,None,False,True,True
STU0914,Male,14,31.9,7.6,15.7,26758,Secondary,False,False,True
STU0915,Male,15,42.3,3.1,12.4,16343,None,False,True,True
STU0916,Female,16,50.6,4.2,14.2,29558,Postgraduate,False,True,True
STU0917,Male,19,36.5,2.3,2.7,21043,Secondary,False,False,True
STU0918,Male,15,36.8,2.5,23.1,43172,Secondary,True,False,True
STU0919,Male,13,87.5,4.2,16.4,6400,None,True,True,True
STU0920,Female,13,48.6,7.0,24.1,6058,Secondary,True,True,True
STU0921,Female,13,39.5,9.8,24.1,47791,Secondary,True,False,True
STU0922,Male,18,36.2,4.1,24.5,45821,None,True,False,True
STU0923,Male,17,87.1,4.9,19.9,47712,Graduate,False,False,True
STU0924,Female,19,72.3,6.7,10.5,5892,Primary,False,False,True
STU0925,Male,13,90.5,4.7,19.1,5627,None,True,True,True
STU0926,Male,16,30.5,4.8,18.0,9732,Graduate,False,True,True
STU0927,Male,16,59.1,3.3,21.7,13835,Primary,False,True,True
STU0928,Female,19,36.9,6.6,11.2,7537,None,False,True,True
STU0929,Female,17,58.4,9.3,17.8,5424,Secondary,True,True,True
STU0930,Female,19,71.0,2.0,24.1,30019,Graduate,True,False,True
STU0931,Male,19,53.2,3.2,24.7,37573,Primary,False,True,True
STU0932,Female,13,53.7,1.1,17.0,30864,Primary,False,True,True
STU0933,Female,17,85.4,2.8,20.1,53653,Secondary,False,False,True
STU0934,Female,14,33.5,2.3,13.5,40746,None,True,False,True
STU0935,Female,15,75.4,2.6,21.8,7222,Secondary,True,False,True
STU0936,Male,14,36.4,3.4,21.9,35744,Graduate,False,False,True
STU0937,Male,15,73.6,4.2,19.7,56048,Graduate,True,False,True
STU0938,Male,17,59.9,2.4,17.5,40866,Secondary,False,True,True
STU0939,Female,14,83.1,2.0,12.7,35336,Graduate,False,False,True
STU0940,Male,13,58.2,4.0,12.3,20864,Primary,False,True,True
STU0941,Male,15,70.1,3.1,19.9,19001,Postgraduate,True,False,True
STU0942,Male,19,32.5,3.9,13.6,31743,Primary,True,True,True
STU0943,Male,16,68.6,4.2,11.2,30328,Secondary,True,False,True
STU0944,Male,18,47.0,5.1,19.0,6872,Secondary,False,True,True
STU0945,Female,14,91.2,4.2,18.1,15013,Secondary,True,False,True
STU0946,Male,18,43.7,9.5,24.4,24852,Secondary,True,False,True
STU0947,Female,15,49.9,4.4,18.9,46236,Secondary,False,False,True
STU0948,Male,15,37.2,4.7,23.3,43698,Graduate,False,True,True
STU0949,Male,17,55.3,2.0,21.9,42026,Secondary,True,False,True
STU0950,Male,19,84.8,2.5,12.9,26850,None,False,False,True
STU0951,Male,15,34.4,2.7,0.9,23725,Secondary,True,False,True
STU0952,Female,13,33.9,2.3,1.4,2966,Graduate,True,True,True
STU0953,Male,16,97.9,1.2,20.1,3128,Postgraduate,False,False,True
STU0954,Male,14,40.9,3.2,21.1,58677,Postgraduate,True,True,True
STU0955,Female,17,44.7,1.7,17.6,56923,Secondary,True,True,True
STU0956,Female,15,58.2,9.3,16.3,28991,Secondary,False,False,True
STU0957,Female,16,43.3,4.3,2.7,2606,Primary,False,False,True
STU0958,Male,14,84.6,4.5,14.5,21018,Secondary,True,False,True
STU0959,Male,13,53.6,1.2,10.1,40839,Primary,True,True,True
STU0960,Male,19,89.6,2.4,24.4,17193,Postgraduate,True,False,True
STU0961,Male,14,36.8,3.7,16.0,35535,Graduate,False,True,True
STU0962,Female,17,47.9,4.3,21.1,7124,Graduate,True,False,True
STU0963,Female,18,56.3,4.3,13.2,59339,Secondary,True,True,True
STU0964,Male,17,86.6,4.3,13.2,48747,Primary,True,False,True
STU0965,Male,18,75.3,1.3,15.5,42239,Graduate,False,False,True
STU0966,Female,16,35.7,2.7,23.8,56900,Secondary,True,True,True
STU0967,Female,13,41.8,2.7,11.6,9619,Postgraduate,True,True,True
STU0968,Male,15,50.0,3.2,16.2,40741,Secondary,True,True,True
STU0969,Male,15,35.1,3.5,24.5,56873,Secondary,True,True,True
STU0970,Female,13,55.0,2.5,12.6,35637,Graduate,False,True,True
STU0971,Male,15,32.8,7.7,20.7,47959,Primary,False,False,True
STU0972,Female,18,36.2,4.7,18.8,28289,Secondary,True,True,True
STU0973,Male,17,64.9,4.0,11.1,12904,Postgraduate,True,False,True
STU0974,Male,16,92.2,4.0,7.9,2055,Secondary,True,False,True
STU0975,Male,15,63.9,1.6,13.8,46961,Graduate,False,False,True
STU0976,Female,17,54.3,3.4,17.2,26433,Graduate,False,False,True
STU0977,Male,15,30.7,2.8,12.3,49966,None,False,True,True
STU0978,Female,13,58.8,3.0,24.2,7015,Secondary,True,True,True
STU0979,Male,15,33.7,8.0,21.2,34870,Secondary,False,False,True
STU0980,Female,17,99.9,1.2,20.9,2823,Secondary,False,True,True
STU0981,Male,18,35.3,3.3,16.8,33885,Secondary,False,True,True
STU0982,Female,14,52.6,2.7,14.5,58299,Secondary,False,True,True
STU0983,Female,14,40.8,4.2,17.5,59235,Primary,False,True,True
STU0984,Female,13,43.4,8.1,11.4,4024,Primary,False,True,True
STU0985,Female,14,51.1,4.5,21.4,54216,Primary,False,True,True
STU0986,Male,13,47.6,9.3,14.6,51060,None,False,False,True
STU0987,Female,16,51.6,8.8,19.1,53604,Primary,True,False,True
STU0988,Female,17,87.3,2.5,20.2,4342,Graduate,True,True,True
STU0989,Female,18,58.8,2.2,16.7,12374,Secondary,False,True,True
STU0990,Male,18,39.1,4.1,20.2,44651,Graduate,True,True,True
STU0991,Female,14,47.2,1.6,3.4,4636,Postgraduate,False,True,True
STU0992,Male,15,56.5,3.7,11.5,20041,Secondary,False,True,True
STU0993,Female,19,53.6,1.8,24.0,49609,Primary,False,True,True
STU0994,Female,18,36.1,1.0,11.3,48300,Secondary,False,False,True
STU0995,Female,16,50.1,3.5,4.1,20627,Primary,True,False,True
STU0996,Male,15,41.5,3.6,19.8,52806,Graduate,True,False,True
STU0997,Female,16,52.1,7.6,21.9,27972,Graduate,True,False,True
STU0998,Male,17,57.9,3.9,11.7,8038,Postgraduate,True,True,True
STU0999,Male,14,37.7,3.0,11.7,44456,Secondary,False,True,True
STU1000,Female,13,59.8,4.0,8.0,2559,Primary,False,True,True
